nama_usaha,alamat_usaha,rt,rw,wilayah,penanggung_jawab,badan_usaha,telepon,fax,jenis_usaha,kapasitas_kamar
1001 Entertainment Club,Jl. Kunir No. 7,,,Jakarta Barat,Stanilaus Raymer Jacob,PT. Perkasa Tunggal Mandiri,021 6907575,021 6912546,Hotel Bintang,50/B3
Arwana,Jl. Mangga Besar VIII No. 7,,,Jakarta Barat,Damli Tandi,PT. Daharin Gama Sejahtera,021 6009925,021 6006879,Hotel Bintang,107/B2
Ata Hotel Indonesia,"Graha Arteri Mas, Jl. Kedoya Raya No. 41 / Jl. Panjang",,,Jakarta Barat,Stephen Reinhard Rantung,PT. Ata Hotel Indonesia,021 29424663,021 29424664,Hotel Bintang,54/B
B Fashion Hotel,Jl. Aranda No. 1,,,Jakarta Barat,Wedji Hartono Pandojo,PT. Tumbuh Sukses Makmur,,,Hotel Bintang,132/B
Banian Boulevar,Jl. Tanjung Duren Raya,,,Jakarta Barat,,,021 5662288,021 5669933,Hotel Bintang,132/B3
Business Hotel,Jl. Hayam Wuruk No. 77,,,Jakarta Barat,Arifin Siman,PT. Super Sukses Nusantara,021 3500123,021 3504567,Hotel Bintang,150/B
Ciputra,Jl. Letjend S. Parman,,,Jakarta Barat,Candra Ciputra,PT. Ciputra Sentra,021 5660640,021 5661172,Hotel Bintang,333/B4
Comfort,Jl. Latumenten No. 50,,,Jakarta Barat,Yogi Idham Fauzi,PT. Comfort Nusantara,021 56960198,021 56960198,Hotel Bintang,40/B
De Rivier,Jl. Kalibesar Barat No. 44-46,,,Jakarta Barat,Drs. Fuad Djapar,PT. Wahana Andamari,021 6904118,021 6912894,Hotel Bintang,311/B4
Fave Hotel LTC Glodok,"Gd. LTC Glodok, Jl. Hayam Wuruk No. 127",,,Jakarta Barat,Siaw Tjen Rustanto,PT. Sukses Gemilang Nusantara,021 6287889,021 6592449,Hotel Bintang,203/B
FM.1 Boutique,Jl. Let. Jend S. Parman Raya Kav. 8,,,Jakarta Barat,Samsudin,PT. Seriatama Slipi Indah,021 5633333,021 5633580,Hotel Bintang,64/B3
Golden Crown,Jl. Pinangsia Raya No. 1,,,Jakarta Barat,Rudy Gunawan,PT. Mahkota Aman Sukses,021 5268833,021 62302878,Hotel Bintang,40/B
Grand Akoya,Jl. Tamansari raya No. 85 H,,,Jakarta Barat,Yunda Lusia Sutardja,PT. Maxima Interindah Hotel,021 6294108,021 6296216,Hotel Bintang,50/B
Grand Paragon,Jl. Gajah Mada No. 126,,,Jakarta Barat,Theressia,PT. Gajah Mada Square,021 6258822,021 6252111,Hotel Bintang,100/B3
Grand Tropic Suites Hotel,Jl. Letjen S. Parman Kav. 3,7,2,Jakarta Barat,Njudarsono Yusetijo,PT. Graha Hexindo,021 5641555,021 5641550,Hotel Bintang,195/B4
Holiday INN-Express,Jl. Palmerah Barat No. 82,,,Jakarta Barat,Adi Winata,PT. Pepper Tree Global,021 58397977,021 58397978,Hotel Bintang,280/B
Hotel Agraha Jakarta,Jl. Bandengan Selatan No. 20,11,5,Jakarta Barat,Agus Harianto,PT. Risul Graha,,,Hotel Bintang,80/B2
Hotel Astika,Jl. Mangga Besar Raya No. 76,,,Jakarta Barat,Tjong Iek Chien,PT. Palm Semesta Cemerlang,021 6241188,021 6269988,Hotel Bintang,153/B2
Hotel Aston,Jl. Raya Kamal Outering Road Blok C-01 No. 18,,,Jakarta Barat,Haryanto Limin Loamayer,PT. Graha Indah Mandiri,021 55957648,021 55957648,Hotel Bintang,156/B
Hotel Daan Mogot,Jl. Daan Mogot,2,1,Jakarta Barat,Ir. Jang Achir Judi,PT. Sembilan Sempurna Sejahtera,,,Hotel Bintang,200/B
Hotel Fave,Jl. Kembangan Abadi Utama / Jl. Kembangan Abad,,,Jakarta Barat,Emir Zarry,PT. Duta Wahana Gemilang,021 58305537,,Hotel Bintang,108/B
Hotel Grand Tjokro,Jl. Daan Mogot No. 63,,,Jakarta Barat,Poniman Asnim,PT. Karya Cipta Hotelindo,021 5660229,,Hotel Bintang,100/B
Hotel Megah,Jl. Kejayaan No. 17,,,Jakarta Barat,Drs. Sugiarto Sentosa,PT. Megah Sugih Arto Sentosa,021 32435276,,Hotel Bintang,40/B1
Hotel Pullman Jakarta Central Park,"Podomoro City, Jl. Letjen S. Parman Kav. 28",,,Jakarta Barat,Veriyanto Setiady,PT. Central Pesona Palace,021 56988888,021 56985070,Hotel Bintang,317/B
Hotel Santika Premiere Jakarta,Jl. Aipda KS. Tubun No. 7,,,Jakarta Barat,Dhaniel Heru Prabowo,PT. Grahawita Santika,021 5361777,021 5483457,Hotel Bintang,275/B4
Hotel Traffic,Jl. Daan Mogot No. 77 B,,,Jakarta Barat,Ardiyanto,PT. Iwan Santa,021 56945492,,Hotel Bintang,33/B
Ibis Budget Jakarta Daan Mogot,Jl. Daan Mogot No. 50 B,5,3,Jakarta Barat,Hartono Sundoro Hosea,PT. Sunindo Indah Hotel,021 4214330,021 4214331,Hotel Bintang,218/B
Ibis Slipi,Jl. Letjen S. Parman Kav. 58-59,,,Jakarta Barat,Kurnia Setiawan,PT. Putraswadaya Prasetya,021 53371570,021 5323880,Hotel Bintang,338/B3
Illigal's,Jl. Hayam Wuruk No. 108,,,Jakarta Barat,Khoe Yam Kusuma,PT. Sumber Sejahtera Sempurna,021 6298899,021 6298899,Hotel Bintang,42/B
Jayakarta Hotel,Jl. Hayam Wuruk No. 126,,,Jakarta Barat,Kristian Pudjiadi,"PT. Pudjiadi and Sons, Tbk",021 6496760,021 6293000,Hotel Bintang,335/B4
Mega Anggrek,Jl. Arjuna Selatan No. 4A,,,Jakarta Barat,Ir. Jang Achir Judi,PT. Bandaharo Nan Panjang,021 5363044,021 5370044,Hotel Bintang,200/B3
Menara Peninsula,Jl. Letjen S. Parman No. 78,,,Jakarta Barat,"Alfiri Lumban Batu, MBA",PT. Menara Peninsula,021 5350888,021 5359838,Hotel Bintang,400/B4
Mercure Jakarta Kota,Jl. Hayam Wuruk No. 123,,,Jakarta Barat,Hermawanto Sastrarahardjo,PT. Adhi Putra Mulia,021 6248680,021 6008441,Hotel Bintang,243/B4
Metropole,Jl. Pintu Besar Selatan No. 38,,,Jakarta Barat,Susani Kartina Karta,PT. Metropole Hotel,021 6905137,021 3808442,Hotel Bintang,40/B2
Mille's,"Lokasari Plaza Lt. 4, Jl. Mangga Besar Raya",,,Jakarta Barat,Setiadi Kumala,PT. Hanggar Mega Musik,021 6255318,021 6254704,Hotel Bintang,40/B
Novotel Gajah Mada,Jl. Gajah Mada No. 188,,,Jakarta Barat,Charles Honoris,PT. Mitra Mutiara Makmur,,,Hotel Bintang,235/B
Novotel Jakarta Slipi,Jl. Letjend. S. Parman Kav. 26,,,Jakarta Barat,Johanes Mardjuki,PT. Nirwana Jaya Semesta,,,Hotel Bintang,301/B
Olympic,Jl. Mangga Besar VII BLOK A.63,,,Jakarta Barat,Harijanto Aman,PT. Bercindo Bersama Jaya,021 6267280,021 6006633,Hotel Bintang,103/B2
Peninsula Hotel,Jl. Mangga Besar Raya No. 60,,,Jakarta Barat,Gunawan Latief,PT. Peninsula Karya Jaya,021 6260368,021 6593749,Hotel Bintang,90/B1
Pitagiri,Jl. Palmerah Barat No. 110,,,Jakarta Barat,Tjahja Widjaja,PT. Pitagiri Raya Sejahtera,021 5359359,021 5359359,Hotel Bintang,127/B
"Prime Biz Hotel @Grogol, Jakarta",Jl. Daan Mogot No. 52,,,Jakarta Barat,Lie Peter Leeansyah,PT. Angke Makmur Sejahtera,021 6343030,,Hotel Bintang,112/B
Prinsen Park,Jl. Mangga Besar IX No. 83-85,,,Jakarta Barat,Suwadi Soborono,PT. Duta Pendawa Kharisma,021 6289101,021 6289408,Hotel Bintang,89/B2
Royal Asia Premiere,Jl. Daan Mogot No. 42,12,4,Jakarta Barat,Juspine Muliawan,PT. Mutiara Indah Perkasa,,,Hotel Bintang,200/B
Royal Regal,Jl. Mangga Besar Raya VIII No. 27,,,Jakarta Barat,Ny. V. Sri Sudarsih,PT. Wira Wisata Indah,021 6260868,021 6260868,Hotel Bintang,180/B3
Sparks Hotel Jakarta,Jl. Mangga Besar Raya No. 44,,,Jakarta Barat,Rulli Maulana Muchidin,PT. Sumbermitra Asri Hotel,021 6252534,021 6299049,Hotel Bintang,113/B3
Stadium,Jl. Hayam Wuruk No. 111 GG - HH - II,,,Jakarta Barat,Rudy Susanto,PT. Graha Rekreasi Berjaya,,,Hotel Bintang,50/B
Sun City,Jl. Hayam Wuruk No. 127,,,Jakarta Barat,Andy Waspy,PT. Prima Cipta Sentosa,021 62201900,021 62201697,Hotel Bintang,100/B
Sydney 2000,Jl. Hayam Wuruk Komp Glodok Jaya Lt. 8,,,Jakarta Barat,Harijanto Aman,PT. Gema Surya Aman Jaya,021 6250685,021 6250685,Hotel Bintang,36/B
The Barera,Jl. Teh No. 1,11,7,Jakarta Barat,Jonatan,,,,Hotel Bintang,50/B
Travel,Jl. Mangga Besar VIII No. 21,,,Jakarta Barat,Foronkid Gunawan,PT. Seriatama Indoreka,021 6212721,021 6293810,Hotel Bintang,59/B2
Twin Plaza,Jl. Letjen S. Parman Kav. 93-94,,,Jakarta Barat,Hendra Lie,PT. Slipi Sri Indopuri,021 56960888,021 5690777,Hotel Bintang,211/B4
Aleander,Jl. Antara No. 35,,,Jakarta Pusat,Poli Hidayat,PT. Bungabunga Tigalima,021 38902105,021 3524652,Hotel Bintang,65/B2
Alia Cikini,Jl. Cikini Raya No. 32,,,Jakarta Pusat,Sri Mawarti,PT. Sentraria Alia Hotel,021 3164444,,Hotel Bintang,100/B2
Alia Pasar Baru,Jl. Pasar Baru Selatan No. 13,,,Jakarta Pusat,,PT. Sentraria Alia Hotel,021 3451920,021 3503129,Hotel Bintang,100/B1
Alila,Jl. Pecenongan Kav. 7-17,,,Jakarta Pusat,Donny Tjahyadikarta,PT. Sumbermitra Wisatagraha,021 2316008,021 2316007,Hotel Bintang,264/B4
All Seasons,Jl. KH. Zainul Arifin No. 5 & 7,2,1,Jakarta Pusat,Le Ie Kurniawan,PT. Loka Asri,021 6385611,021 63856565,Hotel Bintang,150/B
All Seasons Thamrin Hotel Project,Jl. Talang Betutu No. 02 / Jl. Tanjung Karang,,,Jakarta Pusat,Otto Putihrai,PT. Setia Meranti,,,Hotel Bintang,164/B
Alma,Jl. Aipda KS. Tubun No. 15-17,,,Jakarta Pusat,,PT. Sentra Nia,021 579251,021 5708739,Hotel Bintang,130/B1
Alpine,Jl. Gunung Sahari Raya No. 35,,,Jakarta Pusat,,PT. Alpine Perdana Hotel,021 6263833,021 6283832,Hotel Bintang,120/B3
Arcadia Hotel,Jl. KH. Wahid Hasyim No. 114 A,,,Jakarta Pusat,Fenza Sofyan,PT. Pesona Equator,021 2300050,021 2300995,Hotel Bintang,96/B3
Artotel Jakarta - Thamrin,Jl. Sunda No. 3,,,Jakarta Pusat,Erastus Pramudita Radjimin,PT. Altar Filadelfia,021 31925888,021 31925999,Hotel Bintang,107/B
Aryaduta,Jl. Prapatan No. 44-46,,,Jakarta Pusat,,PT. Hotel Prapatan,021 2311234,021 3809900,Hotel Bintang,325/B5
Atlantik,Jl. Salemba Raya No. 6,,,Jakarta Pusat,,PT. Atlantic Permata Hotel,021 3146123,021 4146122,Hotel Bintang,90/B3
Atlet Century Park,Jl. Pintu Satu Senayan,,,Jakarta Pusat,Nobertus Raharjo Mulyono,PT. Lingga Hamparan Krida,021 5712041,021 5712191,Hotel Bintang,613/B4
Banyuwangi Sintera,Jl. H. Samanhudi No. 32B-34,,,Jakarta Pusat,Ali Hasan,PT. Banyuwangi Sintera,021 3857551,021 3808581,Hotel Bintang,60/B1
Best Western Grand Palace,Jl. Benyamin Sueb No. A.5,,,Jakarta Pusat,Wahjono,PT. Global Permata Sejahtera,021 65860555,021 6580550,Hotel Bintang,156/B
Best Western Hotel & Residence,Jl. Mangga Dua Abdad No. 111,,,Jakarta Pusat,Iwanto Hartojo,PT. Mandiri Karya Cipta Indah,021 57932003,021 57931969,Hotel Bintang,168/B4
Betawi Sofyan,Jl. Cut Mutiah No. 9,,,Jakarta Pusat,Bagus Moeshari,"PT. Sofyan Hotel, Tbk",021 3905011,021 3902747,Hotel Bintang,100/B3
Bintang Baru,Jl. Dr. Sutomo No. 9,,,Jakarta Pusat,Hendro Susanto,PT. Praja Cipta Perkasa,021 3515533,021 3515656,Hotel Bintang,87/B2
Bintang Griyawisata,Jl. Raden Saleh No. 16,1,10,Jakarta Pusat,Hartono Tosin,PT. Bintang Wisata Mandiri,021 3922562,021 3922577,Hotel Bintang,93/B3
Blue Sky Smart Hotel,Jl. AIPDA KS. Tubun No. 19,5,6,Jakarta Pusat,Linan Kurniahu,PT. Cahaya Bintang Fortuna,021 29509999,021 29509998,Hotel Bintang,98/B
Borobudur Jakarta,Jl. Lapangan Banteng Selatan No. 1,,,Jakarta Pusat,"Yusuf Indradewa, SH",PT. Jakarta International Hotels & Dev,021 3805555,021 3809595,Hotel Bintang,695/B5
Bumi Johar,Jl. Johar 17 - 19,,,Jakarta Pusat,,,021 3145746,021 3145759,Hotel Bintang,51/B2
Business Hotel,Jl. Kota Bumi No. 1,,,Jakarta Pusat,Arifin Siman,PT. Bestland Nusantara,021 2310312,021 3446883,Hotel Bintang,100/B
C' One Hotel & Plaza,Jl. Letjend Suprapto No. 62,,,Jakarta Pusat,"Drs. Idris Sasmita, MM",PT. Jakarta Tourisindo,,,Hotel Bintang,52/B
C' One Hotel Cempaka Putih,Jl. Letjen Suprapto,,,Jakarta Pusat,"Idris Sasmita, MM",PT. Jakarta Tourisindo,021 4250126,021 4213051,Hotel Bintang,60/B1
Caravan,Jl. KH. Mas Mansyur No. 50,,,Jakarta Pusat,Nariman,PT. Hotel Caravan Exprindo,021 3928283,021 3928283,Hotel Bintang,40/B
Cemara Hotel,Jl. KH. Wahid Hasyim No. 69,,,Jakarta Pusat,Armin Bangun Boenawan,PT. Bangun Cemara Hotel,021 3908215,021 31924668,Hotel Bintang,60/B3
City Icon Residence,Jl. Mangga Besar Raya No. 98,,,Jakarta Pusat,Boy Christian Indra,,021 6398508,021 6399475,Hotel Bintang,42/B
Classic,Jl. H. Samanhudi No. 43-45,,,Jakarta Pusat,Rudy Susanto,PT. Buana Mitra Usaha,021 3852000,021 3852001,Hotel Bintang,133/B4
Clay Hotel,Jl. Blora No. 20,2,6,Jakarta Pusat,Ir. Yudha Bhakti,PT. Citra Putra Realty,021 31996275,021 31996275,Hotel Bintang,81/B
Delta Hotel,Komp. Harmoni Plaza B.33,,,Jakarta Pusat,Simon Presetio Liauw,PT. Sumber Agung Pratama Raya,,,Hotel Bintang,25/B
Dias,Jl. Kraan V No. 20,,,Jakarta Pusat,,,021 4209677,021 4253136,Hotel Bintang,65/B2
Double Tree By Hilton,Jl. Pegangsaan Timur No. 17,,,Jakarta Pusat,Rudiyanto Limantara,PT. Nurtirta Nusa Lestari,021 3500622,021 3500627,Hotel Bintang,253/B5
Emporium Boutique Hotel,Jl. Pecenongan No. 29,,,Jakarta Pusat,Dedy Sutandy,PT. Kandaga Asrigraha,021 38458563,021 38458563,Hotel Bintang,29/B3
Exitertel,Komp. Ruko Niaga Roxy Mas Blok D.V No. 8-12,,,Jakarta Pusat,Vendy,PT. Visi Multi Sarana,,,Hotel Bintang,16/B
Fairmont Hotel,Jl. Asia Afrika No. 8,,,Jakarta Pusat,Shuichi Oishi,PT. Senayan Trikarya Sempana,021 5723456,021 57900111,Hotel Bintang,485/B5
Fashion,Jl. Gunung Sahari XII No. 2,,,Jakarta Pusat,Wedji Hartono Pandojo,PT. Tumbuh Sehat Makmur,021 6490808,021 6490808,Hotel Bintang,58/B2
Fortune,Jl. KH. Mas Mansyur No. 13,,,Jakarta Pusat,Yogi Idham Fauzi,PT. Comfort Nusantara,021 56960598,021 56960598,Hotel Bintang,50/B
Glassio,Jl. Biak No. 54,,,Jakarta Pusat,Joe Efendi,PT. Kaneta Berlian Abadi,,,Hotel Bintang,66/B
Golden Boutique,"Jl. Angkasa No. 1, Gunung Sahari Utara",,,Jakarta Pusat,Rachmat Arifin,PT. Batara Tabaraka,021 6263001,021 6265736,Hotel Bintang,230/B4
Grand Alia Cikini,Jl. Cikini Raya No. 79,,,Jakarta Pusat,,,021 3924444,021 3928641,Hotel Bintang,110/B2
Grand Cemara Hotel,Jl. Cemara No. 1,,,Jakarta Pusat,Armin Bangun Boenawan,PT. Bangun Cemara Hotel,021 3908215,021 31924668,Hotel Bintang,105/B3
Grand Cempaka,Jl. Letjen Suprapto No. 27,,,Jakarta Pusat,"Drs. Idris Sasmita, MM",PT. Jakarta Tourisindo,021 4260066,021 4260055,Hotel Bintang,220/B4
Grand Hyatt Jakarta,Jl. MH. Thamrin Kav. 28-30,1,2,Jakarta Pusat,Arnes Lukman,PT. Plaza Indonesia Realty Tbk,021 3901234,021 3809900,Hotel Bintang,428/B5
Grand Mercure,Jl. Hayam Wuruk No. 36-37,,,Jakarta Pusat,"Baharja Halim,MBA",PT. Halim Bangun Sarana Indah,021 3453777,021 3453777,Hotel Bintang,400/B4
Grand Sahid Jaya,Jl. Jend. Sudirman Kav. 86,,,Jakarta Pusat,Ir.H.Hariyadi Budisantoso Sukamdani,"PT. Hotel Sahid Jaya International, Tbk.",021 5703232,021 5701619,Hotel Bintang,600/B5
Gren Alia Prapatan,Jl. Prapatan No. 28,,,Jakarta Pusat,Faisal Ali,PT. Hotel Gren Alia Prapatan,021 34834444,021 34835222,Hotel Bintang,110/B
Holiday INN Express,Jl. Tanjung Karang No. 1,10,20,Jakarta Pusat,Andreas Halim,PT. Solusi Multimedia Indonesia,021 57933722,021 57933714,Hotel Bintang,101/B
"Hotel  "" N """,Jl. Majapahit No. 12,,,Jakarta Pusat,Nariman,PT. Mulia Medinindo Mandiri,021 3505542,021 3507467,Hotel Bintang,63/B2
Hotel  N1,Jl. KS. Tubun No. 3,2,1,Jakarta Pusat,Nariman,PT. Hotel Royal Valindo,021 53653909,021 53653908,Hotel Bintang,84/B2
Hotel  N2,Jl. Gunung Sahari Raya No. 83,,,Jakarta Pusat,Nariman,PT. Dharma Countrindo,021 4213275,,Hotel Bintang,71/B2
Hotel Aryaduta Jakarta,Jl. Prapatan No. 44-48,,,Jakarta Pusat,Jessy Quantero,PT. Lippo Karawaci Tbk,021 3858770,021 3858765,Hotel Bintang,284/B5
Hotel Fave,Jl. KH. Samanhudi No. 26,5,3,Jakarta Pusat,Abujadi Hartawan,PT. Wisana Matrakarya,,,Hotel Bintang,90/B2
Hotel Grand City,Jl. Pal Putih No. 197 A,,,Jakarta Pusat,Nicky Lion,PT. Sri Varita Utama,021 3146161,021 3146161,Hotel Bintang,80/B3
Hotel Grand Hyatt Jakarta,Jl. MH. Thamrin Kav. 28-30,,,Jakarta Pusat,Arnes Lukman,PT. Plaza Indonesia Realty Tbk.,021 29921234,021 29921358,Hotel Bintang,428/B5
Hotel Indonesia Kempinski,Jl. MH. Thamrin No. 1,,,Jakarta Pusat,Ferdinandus Aming Santoso,PT. Grand Indonesia,021 23587000,021 23586000,Hotel Bintang,289/B
Hotel Mercure Sabang - Jakarta,Jl. KH. Agus Salim No. 11-13,,,Jakarta Pusat,Drs. Setyadi Surya,PT. Jakarta Regency Hotel,021 34834299,021 3100222,Hotel Bintang,166/B
Hotel Millennium Sirih Jakarta,Jl. H. Fachrudin No. 3,,,Jakarta Pusat,Ronnie Frans,PT. Millennium Sirih Jakarta Hotel,021 2303636,021 2303636,Hotel Bintang,401/B4
Hotel N3,Jl. KH. Zainul Arifin No. 57,1,3,Jakarta Pusat,Nariman,PT. Hotel Gitano Selaras,021 53653908,021 53653910,Hotel Bintang,42/B2
Hotel Patra Jasa,Jl. Jend. Ahmad Yani No. 2,,,Jakarta Pusat,,PT. Patra Jasa,,,Hotel Bintang,52/B3
Hotel Puri Jaya,Jl. Percetakan Negara V No. 5,,,Jakarta Pusat,Bambang Siswanto,PT. Sulaiman Maharaja Diraja,021 4215320,021 4215322,Hotel Bintang,135/B1
Hotel Sari Pan Pacific,Jl. MH. Thamrin No. 6,,,Jakarta Pusat,Ir. Teddy Suratmadji,PT. Sariarthamas Hotel International,021 2301170,021 3156692,Hotel Bintang,418/B4
Hotel Sentral,Jl. Pramuka Raya Kav. 63-64,,,Jakarta Pusat,R. Imba Kusumah,PT. Prajasarana Ciptamulia,021 4225511,021 4213839,Hotel Bintang,250/B3
Hotel Tugu Asri,Jl. Jati Baru No. 7-9,,,Jakarta Pusat,Lina Asmahan Abdullah,PT. Hotel Tugu Asri,021 31926292,021 3804301,Hotel Bintang,30/B1
Hotel Zuri Express,Jl. HOS. Cokroaminoto No. 82-84,,,Jakarta Pusat,Adil Hakim,,021 31925232,021 3102624,Hotel Bintang,150/B
Ibis Budget,Jl. Cikini Raya No. 75,,,Jakarta Pusat,"Andi Sofyan, SH",PT. Hotel Cikini Realty,,,Hotel Bintang,150/B1
Ibis Budget,Jl. HOS Cokroaminoto No. 79,,,Jakarta Pusat,L. Erfurt Chandra Putra Asali,"PT. Jakarta Setiabudi Internasional, Tbk",021 3918007,021 3918007,Hotel Bintang,135/B1
Ibis Hotel Senen Jakarta,Jl. Kramat Raya No. 100,3,8,Jakarta Pusat,Richard Aditya Nugraha,PT. Tasani Artha Niaga,021 45878553,021 45857433,Hotel Bintang,155/B3
Ibis Kemayoran,Jl. Bungur Besar Raya No. 79-81,,,Jakarta Pusat,Kang Jacob Antung,PT. Asia Wisata Promosindo,021 4210111,021 4211458,Hotel Bintang,132/B3
Ibis Mangga Dua,Jl. Pangerang Jayakarta / Jl. Gatep,3,6,Jakarta Pusat,Wiyandi The,PT. Pacific Corponusa,021 6250505,021 6250505,Hotel Bintang,202/B3
Ibis Tamarin,Jl. KH. Wahid Hasyim No. 77,,,Jakarta Pusat,Drs. T. Bachrumsjah Hamzah,PT. Tamarindo Nusa Hotel,021 3912323,021 3157707,Hotel Bintang,126/B3
Intercontinental Mid Plaza Jakarta,Jl. Kebembem,15,6,Jakarta Pusat,Husin Suhaidi Teng,PT. Prima Adhitama International Dev,021 5700599,021 5734555,Hotel Bintang,336/B
Kalisma  (Petamburan II),Jl. Aipda KS. Tubun No. 15-17,,,Jakarta Pusat,,PT. Senen Indah Plaza,021 5307020,021 5307034,Hotel Bintang,102/B2
Kawanua Aerotel,Jl. Cempaka Putih Timur XXIV No. 10,,,Jakarta Pusat,Alex M. T. Maneklaran,PT. Aero Wisata,021 4248768,021 4242397,Hotel Bintang,79/B
Keraton At The Plaza A Luxury,Jl. MH. Thamrin Kav. 15,1,2,Jakarta Pusat,Herman Heryadi Bunjamin,PT. Plaza Indonesia Realty Tbk.,021 50680000,021 50689999,Hotel Bintang,140/B
Kosenda,Jl. KH. Wahid Hasyim No. 127,,,Jakarta Pusat,Husin,PT. Benika Prima Loka,021 72797979,,Hotel Bintang,60/B
Le Grandeur,Jl. Mangga Dua Raya,,,Jakarta Pusat,Subagjo Hidayat,PT. Sinar Wisata Lestari,021 6428811,021 6128822,Hotel Bintang,351/B4
Le Meridien Jakarta,Jl. Jend Sudirman Kav. 18 - 20,,,Jakarta Pusat,R. Kurniawati Probosutedjo,PT. Wisata Triloka Buana,021 2513131,021 5711378,Hotel Bintang,346/B5
Lumire Hotel,Jl. Senen  Raya No. 135,,,Jakarta Pusat,"Herman S Silalahi, SE",PT. Segitiga Plaza Hotel,021 3442828,021 3442929,Hotel Bintang,368/B4
Malioboro,Jl. Gajah Mada No. 13H,,,Jakarta Pusat,Rudy Susanto,PT. Global Arta Berjaya,021 63850000,021 6347524,Hotel Bintang,60/B3
Mandarin Oriental Jakarta,Jl. MH. Thamrin,1,2,Jakarta Pusat,Mark Samuel Bradford,PT. Jaya Mandarin Agung,021 39838888,021 5263922,Hotel Bintang,272/B5
Marcopolo,Jl. Teuku Cik Ditiro No. 19,,,Jakarta Pusat,"Benny Rambe, SH",,021 31926679,021 3207138,Hotel Bintang,191/B3
Max One Hotels.Com @ Sabang,Jl. KH. Agus Salim No. 24,,,Jakarta Pusat,Julius Octavianus Ruslan,PT. Batavia Land,021 3166888,021 3922157,Hotel Bintang,87/B1
Maxim Asri,Jl. Kwitang Raya No. 11,,,Jakarta Pusat,Navies,PT. Hotel Maxim Asri,,,Hotel Bintang,39/B2
Mega,Jl. Proklamasi No. 40,,,Jakarta Pusat,Sujana,PT. Mega Jaya Adisempurna,021 3923131,021 3152173,Hotel Bintang,108/B2
Mega Cikini,Jl. Cikini Raya No. 62-64,,,Jakarta Pusat,Sujana,PT. Citrapuri Bhumicikini,021 3140883,021 3140701,Hotel Bintang,80/B
Megah Internasional,Jl. Bungur Besar Raya No. 31,,,Jakarta Pusat,Ong Mie Kia,CV. Hotel Megah Internasional,021 4259781,021 4259780,Hotel Bintang,20/B1
Menteng I,Jl. RP. Soeroso No. 28,,,Jakarta Pusat,Indra Teja Kamarudin,PT. Menteng Sarana Wisata,021 325543,021 3144151,Hotel Bintang,150/B2
Menteng II,Jl. Cikini Raya No. 105,,,Jakarta Pusat,Indra Teja Kamarudin,PT. Menteng Sarana Wisata,021 31925543,021 321311,Hotel Bintang,70/B2
Merlynn Park Hotel,Jl. KH. Hasyim Ashari No. 29-31,,,Jakarta Pusat,Luhur Wibowo Hidayat,PT. Merlynn Park Hotel,021 30026888,021 30026888,Hotel Bintang,301/B5
Mid Plaza/Kempinsky,Jl. Jend. Sudirman,,,Jakarta Pusat,,PT. Prima Adhitama International Dev,021 2510888,021 2511777,Hotel Bintang,492/B5
Mirah,Jl. Gunung Sahari XII No. 18,,,Jakarta Pusat,Atam Sentjaja,PT. Beringin Selaras Graha,021 6598250,021 6598255,Hotel Bintang,61/B1
Morrissey,Jl. KH. Wahid Hasyim No. 70,,,Jakarta Pusat,Widijoso Sianandar,PT. Icon Menara Samudera,021 29933333,021 29933333,Hotel Bintang,135/B
Mulia Senayan,Jl. Asia Afrika No. 1,,,Jakarta Pusat,Suryati Benniardi,PT. Mulia Intan Lestari,021 5747777,021 5747885,Hotel Bintang,889/B5
New Harmoni,Jl. Hayam Wuruk No. 1,,,Jakarta Pusat,Rani Ventaria,PT. Harmoni Prima Jaya,,,Hotel Bintang,68/B
Nusantara,Jl. KH. Mas Mansyur No. 36,,,Jakarta Pusat,,,021 3140307,021 327083,Hotel Bintang,55/B1
Nusantara Indah,Jl. KH. Mas Mansyur No. 36,,,Jakarta Pusat,Azmi Ghozi Harharah,CV. Nusantara Bersaudara,,,Hotel Bintang,55/B1
ORCHARDZ,Jl. Industri Raya No. 8,,,Jakarta Pusat,Drs. Sugiarto Hardjo,PT. Kapuas Cemerlang Maju,021 62317788,021 62317788,Hotel Bintang,153/B3
Oasis Amir Hotel,Jl. Senen Raya  Kav. 135-137,,,Jakarta Pusat,Ir. Jang Achir Judi,PT. Angku Suku Rangkayo Mulia,021 3863062,021 3863061,Hotel Bintang,250/B3
Orchardz P. Jayakarta,Jl. P. Jayakarta Blok 44 No. 7-8,,,Jakarta Pusat,Juanda,PT. Gaya Wahana Inti,021 6287888,021 6289558,Hotel Bintang,160/B3
Paragon,Jl. KH. Wahid Hasyim No. 5,,,Jakarta Pusat,,,021 3917070,021 3160715,Hotel Bintang,78/B3
Pardede International,Jl. Raden Saleh I No. 9-11,,,Jakarta Pusat,Jhonny Pardede,PT. Jhonny Pardede,021 3146270,021 323868,Hotel Bintang,72/B3
Pasar Baru Hotel,Jl. Pasar Baru Selatan No. 6,,,Jakarta Pusat,,PT. Sentraria Pasar Baru Hotel,021 3681084,021 3861887,Hotel Bintang,110/B
Patra Jasa Jakarta Hotel,Jl. Jend.  Ahmad Yani No. 2,3,4,Jakarta Pusat,Agus Santoso,PT. Patra Jasa,021 4240608,021 3100432,Hotel Bintang,52/B3
Pecenongan City,Jl. Ceylon No. 19,,,Jakarta Pusat,Etty Latifah Aljufri,PT. Pecenongan City Hotel,021 3853583,021 3855757,Hotel Bintang,84/B1
Pramuka Hotel,Jl. Pramuka Raya No. 149,14,7,Jakarta Pusat,"Jan Semesta, MBA",PT. Menteng Sarana Wisata,021 4212108,021 4212108,Hotel Bintang,134/B
Prima Indah,Jl. Gunung Sahari Raya No. 19/21,,,Jakarta Pusat,"Drs. Fachrurrazi, SH",PT. Anugerah Sentosa Prima,021 6591078,021 6246348,Hotel Bintang,98/B
Prima Indah II,Jl. Mangga Besar Raya No. 144,,,Jakarta Pusat,"Drs. Fachrurrazi, SH",PT. Anugerah Sentosa Prima,,,Hotel Bintang,81/B
Pullman Jakarta Indonesia,Jl. MH. Thamrin No. 59,,,Jakarta Pusat,"Angela Meilany Basireon, SH",PT. Wisma Nusantara Internasional,021 31923650,021 3143631,Hotel Bintang,400/B5
Puri Mega,Jl. Rawamangun No. 59,,,Jakarta Pusat,Bambang Siswanto,PT. Setralcipta Propertindo,021 4214744,021 4246562,Hotel Bintang,125/B1
Redtop,Jl. Pecenongan No. 72,,,Jakarta Pusat,Winda Trihanny,PT. Sanggraha Dhika,021 3500077,021 3500055,Hotel Bintang,390/B4
Rota International,Jl. KH. Wahid Hasyim No. 63,,,Jakarta Pusat,Herlambang Adhiyatma,PT. Rota International Hotel,021 3152858,021 3234653,Hotel Bintang,54/B2
Royal,Jl. Ir. H. Juanda No. 14,,,Jakarta Pusat,Naif Abdullah,PT. Royal Hotel,021 3804301,021 3804300,Hotel Bintang,61/B2
Sahid Jaya International,Jl. Jend. Sudirman No. 89,,,Jakarta Pusat,,PT. Sahid Jaya International,021 5704444,021 3733168,Hotel Bintang,676/B5
Salemba Indah,"Jl. Paseban 20-AB, Kramat",,,Jakarta Pusat,,,021 3103503,021 3103564,Hotel Bintang,130/B1
Savvoya Menteng Hotel,"Menteng Square Tower C, Jl. Matraman Raya",,,Jakarta Pusat,Paramita Putri Diyanti,PT. Bahama Triple Eleven,,,Hotel Bintang,95/B3
Senen Indah,Jl. Bungur Besar No. 157,,,Jakarta Pusat,,,021 42874444,021 4206872,Hotel Bintang,30/B1
Shangri-La,"Jl. Jend. Sudirman Kav. I, Karet Tengsin",,,Jakarta Pusat,Yussuf,PT. Swadharma Kerry Satya,021 5707440,021 5703530,Hotel Bintang,661/B5
Sriwijaya,Jl. Veteran No. 1,,,Jakarta Pusat,Haykel Aldjufrie,PT. Graha Sriwijaya,021 3440409,021 3446543,Hotel Bintang,129/B2
Surya,Jl. Batu Ceper No. 44-46,,,Jakarta Pusat,Tuty Suryani Budiman,CV. Hotel Surya,021 3808442,021 3861878,Hotel Bintang,70/B2
Surya Baru,Jl. Batu Ceper No. 11 A,,,Jakarta Pusat,Tuty Suryani Budiman,PT. Wisataria Surya Kencana,021 3811108,021 3861878,Hotel Bintang,98/B2
Swiss-Bel Hotel Mangga Besar,Jl. Kartini Raya No. 57,3,2,Jakarta Pusat,Thoe Bun San,PT. Grand Swiss International,021 6393888,021 30027200,Hotel Bintang,246/B
The Acacia Jakarta,Jl. Kramat Raya No. 73-81,,,Jakarta Pusat,Hendro Sumampow,PT. Guntur Madu Tama,021 3903030,021 3903030,Hotel Bintang,206/B4
The Akmani Suite Hotel,Jl. KH. Wahid Hasyim No. 91,,,Jakarta Pusat,Juslina Djaja,PT. Akmanindo Parma,021 31905335,021 31900079,Hotel Bintang,100/B
The Media Hotel & Towers,Jl. Gunung Sahari Raya No. 3,,,Jakarta Pusat,Nasrul Darisin,PT. Grahasahari Suryajaya,021 6263001,021 6263011,Hotel Bintang,350/B5
The Sultan Hotel,Jl. Jend. Gatot Subroto,,,Jakarta Pusat,Drs. Subijanto,PT. Indobuildco,021 5703600,021 5733091,Hotel Bintang,649/B5
Travellers Hotel Jakarta,Jl. Pangeran Jayakarta No. 70,,,Jakarta Pusat,Subakir,PT. Bait Damai Abadi,021 6019864,021 6019876,Hotel Bintang,94/B4
Treva  International,Jl. Menteng Raya No. 33,,,Jakarta Pusat,"Dr. H. Muslim, SH., MBA",PT. Gharmapala Putra Utama,021 31900240,021 31900241,Hotel Bintang,174/B3
Triniti Jakarta,Jl. Pembangunan III No. 4-6,,,Jakarta Pusat,Hasan Karto,PT. Bintang Triniti Nusantara,021 633111,021 633111,Hotel Bintang,96/B
Tugu Asri,Jl. Jatibaru No. 7-9,,,Jakarta Pusat,Lina Asmahan Abdullah,PT. Hotel Tugu Asri,021 326292,021 3804300,Hotel Bintang,30/B1
V-2,"Komp. Duta Merlin, Jl. Gajah Mada No. 3-5 Lt. III",,,Jakarta Pusat,Anton Ham,PT. Agung Graha Jaya,,,Hotel Bintang,50/B
Whiz Hotel,Jl. Cikini Raya No. 6,,,Jakarta Pusat,Moedjianto Soesilo Tjahjono,PT. Estrella Lima Indonesia,021 3989555,021 39830448,Hotel Bintang,133/B
Amaris,Jl. Mampang Prapatan Raya No. 66,,,Jakarta Selatan,Yuli Pancawati,PT. Multi Tingkat Mandiri,021 7985535,021 7985532,Hotel Bintang,70/B2
Ambhara,Jl. Iskandarsyah II No. 1,,,Jakarta Selatan,Ahmad Dipoditiro,PT. Ambhara Tharuna,021 2700800,021 7200702,Hotel Bintang,222/B4
Arion Swiss-Belhotel Kemang,Jl. Kemang Raya No. 7,,,Jakarta Selatan,Febert Hotma Hutagalung,PT. Beringin Floratama Megah,021 7198000,021 7190088,Hotel Bintang,94/B
Aston Hotel,Jl. Garnisun Dalam No.8,,,Jakarta Selatan,,,021 2515151,021 5744168,Hotel Bintang,300/B5
Aston Priority Simatupang,Jl. TB. Simatupang Kav. 9,,,Jakarta Selatan,Kadafi Yahya,PT. Nusa Pratama Property,021 78838777,021 78839777,Hotel Bintang,250/B
Bumi Karsa,Jl. Jend. Gatot Subroto No. 71-73,,,Jakarta Selatan,Budi Sasongko,PT. Hotel Bumikarsa Bidakara,021 83793554,021 837935529,Hotel Bintang,174/B4
Business Hotel,Jl. Setiabudi Timur Blok B Persil No. 17,,,Jakarta Selatan,Arifin Siman,PT. Best Maju Makmur,021 2310312,021 3446883,Hotel Bintang,120/B
Cipta  II,Jl. Mampang Prapatan No. 1 A,,,Jakarta Selatan,Dra. Anny L Bernardus,PT. Kreasi Megah Cipta Sarana,021 798685,021 7989685,Hotel Bintang,70/B3
Cipta Hotel Pancoran,Jl. Raya Pasar Minggu No. 19,,,Jakarta Selatan,Dra. Anny L. Bernardus,PT. Multikreasi Ciptasarana,,,Hotel Bintang,109/B3
Crowne Plaza Jakarta,Jl. Jend. Gatot Subroto Kav. 2&3,,,Jakarta Selatan,H. RF. Gunawan Martakoesoemah,PT. Prabu Budi Mulia,021 5268833,021 5263832,Hotel Bintang,373/B5
D' Hotel,Jl. Sultan Agung No. 09,4,1,Jakarta Selatan,Darmawan,PT. Pesona Putra Manggala,,,Hotel Bintang,82/B
Delta Hotel,Jl. Gatot Subroto Kav. 76 ,1,1,Jakarta Selatan,Silverius Juniko,PT. Galaxi Candra Purnama,,,Hotel Bintang,96/B
Diradja Hotel,Jl. Kapten P. Tendean No. 38 ,3,5,Jakarta Selatan,Join Virgo Amir,PT. Puro Sembilan Sejahtera,021 79197405,021 79197405,Hotel Bintang,223/B
Fave Hotel,Jl. Kemang I No. 6 ,11,11,Jakarta Selatan,Drs. H. Dalyono Nimpuno,PT. Griya Upajiwana,,,Hotel Bintang,140/B1
Fave Hotel Gatot Subroto,"Komp. Tangkas Baru A Blok D/H, Jl. Kartika Chandra",,,Jakarta Selatan,Christilia Johanes Gunawan,PT. Metro City Grup,021 5762681,,Hotel Bintang,150/B
Fortune,"Plaza 3 Pondok Indah Blok F No. 1-4, Jl. TB. Simatupang",,,Jakarta Selatan,Yogi Idham Fauzi,PT. Fortune Pondok Indah,,,Hotel Bintang,31/B
Fortune,"Komp Graha Puri Blok F.21, Jl. Wijaya II ",,,Jakarta Selatan,Yogi Idham Fauzi,PT. Jakarta Entertainment,021 7208868,021 7208868,Hotel Bintang,50/B
Four Seasons Hotel Jakarta,Jl. HR. Rasuna Said Kav. B-4,,,Jakarta Selatan,Drs. T.Bachrumsjah Hamzah,PT. Permadani Khatulistiwa Nusantar,021 2523456,021 2524480,Hotel Bintang,320/B5
Golden Boutique Melawai,Jl. Melawai VIII No. 6-8,,,Jakarta Selatan,Rachmat Arifin,PT. Jade Global Development,021 7234555,021 7234555,Hotel Bintang,73/B3
Gran Mahakam,Jl. Mahakam I No. 6 ,1,7,Jakarta Selatan,Imam Wahyu,PT. Mahakam Ekagraha,021 7209966,021 7252011,Hotel Bintang,158/B5
Grand Ciledug,Jl. Ciledug Raya,4,3,Jakarta Selatan,Danue Tanpuyani,,,,Hotel Bintang,75/B
Grand Kemang Hotel,Jl. Kemang Raya No. 2H,14,1,Jakarta Selatan,"Rosan Perkasa MBA, MA",PT. Kemang Jaya Raya,021 7194121,021 7194131,Hotel Bintang,201/B3
Grand Melia Jakarta,Jl. HR. Rasuna Said Kav. X-O No. 1-4,,,Jakarta Selatan,Johannes Suriadjaja,PT. Suryalaya Anindita International,021 5268080,021 5268181,Hotel Bintang,404/B5
Grandhika Blok M,"Jl. Iskandarsyah Raya No. 65 A,B,C & 33 / I/8",,,Jakarta Selatan,Ir. Kiswodarmawan,PT. Adhi Karya (Persero) Tbk,021 7975312,021 7975311,Hotel Bintang,222/B4
Harris,Jl. DR. Sahardjo No. 191,,,Jakarta Selatan,Agoes Soelistyo Santoso,PT. Java Paradise Island,021 8305633,021 8305633,Hotel Bintang,172/B
Hotel 88 Fatmawati,Jl. RS. Fatmawati No. 03,,,Jakarta Selatan,FX Tommy Setiawan,PT. Fatmawati Sukses Cemerlang,,,Hotel Bintang,130/B
Hotel Amos Cozy,Jl. Melawai Raya No. 84-85,,,Jakarta Selatan,Dra. Khoe Ribka,PT. Indosemar Muliakarya,021 72801367,021 72801367,Hotel Bintang,99/B4
Hotel Aryaduta Semanggi,Jl. Garnisun dalam No. 8,,,Jakarta Selatan,Heri Krisdiyarto,PT. Sanggraha Nusa Raya,021 2515151,021 2514090,Hotel Bintang,300/B5
Hotel Garden,"Taman Kemang No. 1, Jl. Kemang Raya",,,Jakarta Selatan,A. Syarifudin,PT. Paranusa Sari,021 71791411,021 71790788,Hotel Bintang,50/B3
Hotel Griya Adamar,Jl. TB. Simatupang,11,4,Jakarta Selatan,Drs. H. Dalyono Nimpuno,PT. Griya Adamar,021 29529042,021 29529042,Hotel Bintang,198/B3
Ibis Kemang,Jl. Bangka Raya,2,7,Jakarta Selatan,Emelia Tasani,PT. Kemang Suar Artha,,,Hotel Bintang,81/B
JS Luwansa Hotel,"Gd. PP H. Usmar Ismail, Jl. HR. Rasuna Said",,,Jakarta Selatan,Jacob Soetoyo,PT. Gesit Sarana Perkasa,021 5277344,021 5277343,Hotel Bintang,245/B5
JW. Marriott Hotel,"Jl. DR. Ide Anak Agung Gde Agung Kav. E 1,2",,,Jakarta Selatan,Tan Kian,PT. Permata Birama Sakti,021 5798888,021 5798883,Hotel Bintang,333/B5
Kai' Sar,Jl. PLN. Duren Tiga No. 1,,,Jakarta Selatan,"Deolipa Yumara. SH, SPSI",PT. Doa Restu Sejahtera,021 79183601,021 79183602,Hotel Bintang,200/B
Kartika Chandra,Jl. Jend. Gatot Subroto Kav. 17-20,,,Jakarta Selatan,Miana Dwi Lasmini,PT. Kartika Chandra,021 5207829,021 5223523,Hotel Bintang,276/B4
Kebayoran INN,Jl. Senayan No. 87 Blok S,,,Jakarta Selatan,Sudjarwa,PT. Hotel Kebayoran,021 7246208,021 7398926,Hotel Bintang,102/B3
Kristal (Le-Cristal),Jl. Raya Tarogong Kav. 17,,,Jakarta Selatan,Nyotowijoyo,PT. Metropolitan Linggajaya,021 7507050,021 7507110,Hotel Bintang,328/B
Luminor Tendean 88,Jl. Kapten Tendean No. 10,,,Jakarta Selatan,Yohan Solihin Hartana,,,,Hotel Bintang,78/B
Maharadja,Jl. Kap. Pierre Tendean No. 1,5,1,Jakarta Selatan,Join Virgo Amir,PT. Purosati Ekatama,021 79180044,021 7995290,Hotel Bintang,200/B
Maharani,Jl. Warung Buncit Raya No. 8,,,Jakarta Selatan,Heti Suhartati,PT. Tuanku Laras Batipuh,021 79183855,021 79183855,Hotel Bintang,138/B
Manhattan Hotel,"Jl. Prof. DR. Satrio, Casablanca Kuningan",,,Jakarta Selatan,Maya Ramchand,PT. Merlynn Park Hotel,021 30040888,021 30040889,Hotel Bintang,255/B4
Melawai,Jl. Melawai Raya No. 18-20,,,Jakarta Selatan,Robby Koesnadi Alamsyah,PT. Melawai Hotel Tourism Corp,021 2700408,021 2700397,Hotel Bintang,180/B2
Melawai Delapan,Jl. Melawai VIII No. 6-8,,,Jakarta Selatan,Drg. Karta Wiguna Mustafa,PT. Maramakmur Dirgantara,021 7234555,,Hotel Bintang,100/B3
Mercure Hotel,Jl. RA. Kartini / Jl. TB. Simatupang,,,Jakarta Selatan,Abby Ernest,PT. Karya Propertindo Investama,021 75915262,021 75918270,Hotel Bintang,232/B4
Neo Melawai,Jl. Panglima Polim Raya No. 15,,,Jakarta Selatan,Listiawati Halim,PT. Isihombing,021 29661400,021 29661388,Hotel Bintang,88/B
Pop ! Hotel,Jl. Prof. DR. Soepomo SH No. 29,,,Jakarta Selatan,R.H Santosa,PT. Tri Kusuma Santosa,021 83794916,021 634876,Hotel Bintang,147/B
Pop! Hotel Kemang,Jl. Kemang Raya No. 3,,,Jakarta Selatan,Ryan Adrian,PT. Hotel Kemang Realty,021 5220568,021 5207931,Hotel Bintang,110/B1
Prapanca Indah,Jl. Prapanca Raya No. 30-31,,,Jakarta Selatan,Kardi Alamsah,PT. Hotel Prapanca Indah,021 7262603,021 7395030,Hotel Bintang,33/B1
Puri Denpasar,Jl. Denpasar Selatan No. 1,,,Jakarta Selatan,Gerry Djohan,PT. Mudha Graha Realty,021 5275542,021 5275543,Hotel Bintang,60/B
Raffles,Ciputra World 1 Jl. Prof. Dr. Satrio Kav. 3-5,,,Jakarta Selatan,Ir. Artadinata Djangkar,PT. Ciputra Adigraha,021 29888080,021 29888181,Hotel Bintang,173/B
Royal Kuningan Hotel,Jl. Kuningan Persada Kav. 2,,,Jakarta Selatan,"Jan Semesta, MBA",PT. Berlian Semesta Prima,,,Hotel Bintang,300/B
Sahati Hotel,Jl. Taman Margasatwa No. 45,,,Jakarta Selatan,Henry Al Azwar,PT. Hotel Sahati,021 78837907,021 78837905,Hotel Bintang,24/B
Sentra Cipulir,Jl. Ciledug Raya No. 17,,,Jakarta Selatan,Ir. Zainuri Yunus,CV. Sentra Cipulir,,,Hotel Bintang,50/B
Srikandi Hotel,Jl. Cipete Raya No. 13,,,Jakarta Selatan,Endah Kaniasari Ansoroeddin,PT. Griyanini Srikandi Putri,,,Hotel Bintang,70/B
Tebet Sofyan,"Jl. Prof. DR. Soepomo, SH No. 23",,,Jakarta Selatan,Bagus Moeshari,PT. Sofyan Hotels Tbk,021 8295691,021 8307495,Hotel Bintang,101/B2
The Dharmawangsa,Jl. Brawidjaya Raya No. 39,,,Jakarta Selatan,Indrarto Kartohadiprodjo,PT. Puri Dharmawangsa Raya Hotel,021 7258151,021 7258383,Hotel Bintang,100/B5
The Falatehan Hotel,Jl. Falatehan Raya No. 26,,,Jakarta Selatan,Saiful Arifin,PT. Arifindo Graha Pratama,021 7202021,021 7201212,Hotel Bintang,92/B
The Grove Suites By Grand Aston,"Komp. Rasuna Epicentrum, Jl. HR. Rasuna Said",,,Jakarta Selatan,Agustinus Wawan Dwi Guratno,PT. Bakrie Swasakti Utama,021 32154894,021 3215248,Hotel Bintang,151/B
The Mansion,"Kawasan Mega Kuningan, Jl. Mega Kuningan Timur",,,Jakarta Selatan,Amin Maulana,PT. Sendico Wiguna Lestari,021 53668360,021 53651895,Hotel Bintang,68/B3
The Park Lane Jakarta,Jl. Casablanca Kav. 18,,,Jakarta Selatan,Lim Irianto,PT. Staco Graha,021 8282000,021 8282222,Hotel Bintang,287/B5
The Ritz Carlton,Jl. DR. Ide Agung Gde Agung Kav. E No. 1,,,Jakarta Selatan,Tan Kian,PT. Mutiara Permata Mulia,021 25518888,021 25518889,Hotel Bintang,333/B5
The Ritz Carlton Pacific Place,Jl. Jend. Sudirman Kav. 52-53,,,Jakarta Selatan,Josef Aliwarga,PT. Pacific Place Jakarta,021 25501888,021 51400988,Hotel Bintang,63/B5
T-Hotel,Jl. Ciputat Raya No. 11,9,8,Jakarta Selatan,Teguh Susanto,PT. Teguh Prima,021 29500988,021 29500989,Hotel Bintang,100/B
Veranda,Jl. Kyai Maja No. 63,,,Jakarta Selatan,Ir. Hadi Kusuma Christanto,PT. Graha Pakubuwono Kusuma,,,Hotel Bintang,184/B
Wijaya Gangnam,"Komp. Wijaya Graha Puri Blok F No. 20, Jl. Wijaya",,,Jakarta Selatan,Vransiy Munita,PT. Ysj Maju Global,,,Hotel Bintang,31/B
Yusenny,Jl. Senayan No. 29,,,Jakarta Selatan,,,021 7206565,021 7208304,Hotel Bintang,25/B1
Alia Matraman,Jl. Matraman Raya No. 224,,,Jakarta Timur,,ALIA MATRAMAN,021 8507777,021 8502642,Hotel Bintang,109/B2
Angkasa,Jl. Sultan Hamengkubuwono IX KM. 25,,,Jakarta Timur,Trisno Soehardi,PT. Wisata Angkasa Permai,021 46825890,021 46826791,Hotel Bintang,35/B1
Balairung,Jl. Matraman Raya No. 19,2,1,Jakarta Timur,Irsyal Ismail,PT. Balairung Citrajaya Sumbar,021 85917217,021 85917216,Hotel Bintang,100/B
Best Western Premiere The Hive,Jl. DI. Panjaitan Kav. 3-4,,,Jakarta Timur,"Ir. Budi Saddewa Soediro, MM, IR",PT. Wika Realty,021 8192808,021 8590750,Hotel Bintang,191/B4
Fave Hotel PGC,Jl. Mayjen Sutoyo No. 76 / Jl. Dewi Sartika,,,Jakarta Timur,IR. Wahyu Dewanto,PT. Wahana Cipta Sentosa,021 80884545,021 80876600,Hotel Bintang,194/B
Grand Menteng Hotel,Jl. Matraman Raya No. 21,,,Jakarta Timur,Indra Teja Komaruddin,PT. Menteng Sarana Wisata,021 8509872,021 8583861,Hotel Bintang,100/B3
Hotel Ibis Pemuda,Jl. Pemuda,2,7,Jakarta Timur,Richard Aditya Nugraha,PT. Tasan Anugrah Nusa,,,Hotel Bintang,190/B
Ibis,Jl. Letjen. MT. Haryono No. 9,,,Jakarta Timur,Sebastian Harno Budi,PT. Superior Coach,021 8004968,021 8004969,Hotel Bintang,240/B
Ibis,"Cawang Commercial Estate, Jl. Letjend MT. Haryono",,,Jakarta Timur,Sebastianus Harno Budi,PT. Superior Coach,021 8004968,021 8004969,Hotel Bintang,240/B
Mega Matra,Jl. Matraman Raya No. 115,,,Jakarta Timur,Rachman Santoso,PT. Arthagemilang Pratama Selaras,021 8566355,021 8566337,Hotel Bintang,180/B2
Park Hotel,Jl. D.I Panjaitan Kav. 5-7,,,Jakarta Timur,Sinurlinda Gustina M,PT. Pembangunan Perumahan (Persero),021 29982000,021 29982005,Hotel Bintang,162/B
Rensa Sofyan,Jl. Raya Duren Sawit No. 108,,,Jakarta Timur,H. Husman Muhamad,CV. Rensa Raya,021 8602909,021 8615509,Hotel Bintang,30/B1
Santika Taman Mini Indonesia Indah,Jl. Pintu Masuk I TMII Indonesia Indah,,,Jakarta Timur,Benny Halim,PT. Grawita Indonesia Indah,021 29378500,021 29378600,Hotel Bintang,124/B3
Alexis Hotel,Jl. RE. Martadinata No. 1,,,Jakarta Utara,Djoko Sardjono,PT. Grand Ancol Hotel,021 69833333,021 6916011,Hotel Bintang,73/B3
All Sedayu Hotel,Kelapa Gading Square Mall Of Indonesia lobby 5,,,Jakarta Utara,Alexander Halim Kusuma,PT. Citra Kirana Abadi,021 29365000,021 29365001,Hotel Bintang,162/B
Coin's,Jl. Sunter Agung Utara Raya Blok A No. 5 B,,,Jakarta Utara,Carol Korompis,PT. Coins Hotel Indonesia,021 65836691,021 65836692,Hotel Bintang,80/B
Comfort,"Plaza Kelapa Gading Blok B No. 6-95, Jl. Raya Boulevard Kelapa Gading",,,Jakarta Utara,Yogi Idham Fauzi,PT. Jakarta Entertainment,021 45859140,021 45859140,Hotel Bintang,50/B
Condotel Golden Sky,Jl. Taman Pluit Kencana No. 48,,,Jakarta Utara,Fredie Tan,PT. Golden Sky Indonesia,021 6610610,021 6610610,Hotel Bintang,75/B
Danau Sunter,Jl. Danau Permai Raya Blok C.1,,,Jakarta Utara,Maya Ramchand,PT. Sunter Lakeside Hotel,021 6509969,021 6509970,Hotel Bintang,240/B4
Delta Duta Fortuna,Jl. Boulevard Bukit Gadnig Raya Blok D No. 30-34,,,Jakarta Utara,Laksana Muljadi Darmadjaja,PT. Delta Duta Fortuna,021 4517738,021 4517822,Hotel Bintang,30/B
Discovery Hotel & Convention Ancol,Jl. Lodan Timur Raya No. 07,,,Jakarta Utara,Jeffry Chandra,PT. Marina Ancol Green Hotel,021 6453456,021 6452986,Hotel Bintang,259/B
Golden Bay,Jl. Teluk Gong Raya No. 12,,,Jakarta Utara,Ka Tjin,PT. Duta Indah Hotel,021 66676168,021 66676190,Hotel Bintang,68/B2
Golden Hands Hotel,Jl. Bandengan Selatan No. 43,,,Jakarta Utara,Tri Saputro,PT. Danau Mas Tirta Mandiri,,,Hotel Bintang,40/B
Grand Asia,Jl. Bandengan Selatan No. 88,,,Jakarta Utara,Sumarno,PT. Megah Asia,021 66606969,021 66607007,Hotel Bintang,198/B3
Grand Whiz,Jl. Bukit Gading Raya Kav. I,,,Jakarta Utara,Intan Nurcahya,PT. Madya Lingkar Artha,021 7397028,021 7250503,Hotel Bintang,242/B4
Hariston,Jl. Terusan Bandengan Utara,,,Jakarta Utara,Kelvin Tjiandra,PT. Surya Mutiara Kencana Pratama,021 6344555,021 63857445,Hotel Bintang,199/B3
Harris Kelapa Gading,Jl. Raya Gading Indah,,,Jakarta Utara,Ote Johannes Mardjuki,PT. Summarecon Hotelindo,,,Hotel Bintang,319/B
Holiday INN Express Pluit,"Mall Emporium Lt. 10, Jl. Pluit Selatan Raya",,,Jakarta Utara,Willy Jono,PT. Sentra Graha Kencana,021 66676651,021 66676652,Hotel Bintang,301/B
Holiday INN Jakarta Kemayoran,Kompleks Rukan Puri Mutiara Blok D No. 107-10,,,Jakarta Utara,Albert Cahyadi Sukandadinata,PT. Nusaplaza International Hotel,021 29568800,021 29560088,Hotel Bintang,257/B
Hotel Fave,Jl. Gading Indah Raya No. 8 Blok C/32,,,Jakarta Utara,Irawan Ambiadi Suwandi,PT. Miagata Anugrah Abadi,,,Hotel Bintang,120/B2
Hotel King Cross,Jl. Boulevard Bukit Gading Raya Kokan Blok E,,,Jakarta Utara,Rudy Susanto,PT. Graha Kertajaya,021 4517353,021 4517353,Hotel Bintang,27/B
Hotel Neo,Rukan Mangga Dua Square Blok A No. 10-12,,,Jakarta Utara,Jacksen,PT. Inti Elok Persada,021 62312559,,Hotel Bintang,154/B
Ibis Style Hotel Mangga Dua Square,"Mangga Dua Square 2nd Floor P2, Jl. Gunung Sahari",,,Jakarta Utara,Ariesman Widjaja,PT. Kreasi Cipta Utama,,,Hotel Bintang,210/B
M. Star,Jl. Gunung Sahari Raya No. 2,,,Jakarta Utara,Rocky Sonfonda Matheus,Indik Koperasi TNI Angkatan Laut,021 64715263,021 64715322,Hotel Bintang,42/B
Mercure Convention Center Ancol,Jl. Pantai Indah Komp. TIJA,,,Jakarta Utara,"Andi Sofjan, SH",PT. Metropolitan Realty International,021 6406000,021 6406123,Hotel Bintang,444/B4
MTR 2,Jl. Boulevard Bukit Gading Raya No. 18,,,Jakarta Utara,Denny Herawan Susanto,,021 4533621,,Hotel Bintang,24/B
Novotel Mangga Dua Square,Jl. Gunung Sahari Raya No. 1,,,Jakarta Utara,Ariesman Widjaja,PT. Kreasi Cipta Utama,021 62312800,021 62312800,Hotel Bintang,362/B5
Podomoro,Jl. Agung Utara Blok A No. 5,,,Jakarta Utara,,,021 6402070,,Hotel Bintang,165/B
Pondok Putri Duyung,Jl. Lodan Timur No. 7,,,Jakarta Utara,Ir. Gatot Setyowaluyo,PT. Taman Impian Jaya Ancol,021 2601680,021 2601691,Hotel Bintang,130/B3
Pop ! Hotel Kelapa Gading,Jl. Kelapa Gading Boulevard / Jl. Raya Mandiri Utara,,,Jakarta Utara,Johanes Mardjuki,PT. Summarecon Hotelindo,,,Hotel Bintang,250/B1
Pulau Ayer,Pulau Air Besar,,,Jakarta Utara,Rudy Susanto,PT. Global Ekabuana,021 3518127,,Hotel Bintang,45/B4
Sanno Jakarta Airport Hotel,Jl. Pluit Raya Selatan No. 2,,,Jakarta Utara,Yulia Herlina,PT. Jadore Darmawangsa Raya,021 6606060,021 6604944,Hotel Bintang,94/B3
Santika Kelapa Gading,"Sport Mall, Jl. Raya Kelapa Nias Blok. HF 3 ",,,Jakarta Utara,Andy Widjanarko,PT. Sima Graha Utama,021 57853857,021 57853855,Hotel Bintang,151/B
Sumo,Jl. Boulevard Barat No. 1,,,Jakarta Utara,Rudy Susanto,PT. Graha Makmur Berjaya,,,Hotel Bintang,25/B
Tematik Hotel,Jl. Raya Jembatan Tiga No. 35,,,Jakarta Utara,Wedji Hartono P,PT. Tumbuh Sehat Makmur,021 66690366,021 66690566,Hotel Bintang,73/B2
Transit Gading Indah,Jl. Pegangsaan Dua No. 10,,,Jakarta Utara,,,021 4611989,021 4641993,Hotel Bintang,28/B
Whiz,"Ruko INKOPAL, Jl. Boulevard Barat B No. 18",,,Jakarta Utara,Rudy Susanto,PT. Dunia Entertainment,021 48858864,021 45858822,Hotel Bintang,150/B3
